<?xml version="1.0" encoding="UTF-8"?>
<!DOCTYPE MudletPackage>
<MudletPackage version="1.001">
	<TriggerPackage />
	<TimerPackage />
	<AliasPackage />
	<ActionPackage />
	<ScriptPackage>
		<Script isActive="yes" isFolder="no">
			<name>CF_Loader</name>
			<packageName></packageName>
			<script>cf_loader_version = "1.0"

function downloadPkg(_, package)
  -- Is CFGUI already installed?
  if exists("CFGUI", "script") then return end
  downloadFile(getMudletHomeDir() .. "/CFGUI.zip", "https://github.com/Rahsael/CFGUI/releases/latest/download/CFGUI.zip")
end

registerAnonymousEventHandler("sysUninstallPackage", "downloadPkg")
registerAnonymousEventHandler("sysConnectionEvent", "downloadPkg")

function installReady(event, file)
  if file ~= getMudletHomeDir().."/CFGUI.zip" then return end
  installPackage(getMudletHomeDir().."/CFGUI.zip")
end

registerAnonymousEventHandler("sysDownloadDone", "installReady")</script>
			<eventHandlerList />
		</Script>
	</ScriptPackage>
	<KeyPackage />
	<VariablePackage>
		<HiddenVariables />
		<Variable>
			<name>month</name>
			<keyType>4</keyType>
			<value>Ascending Sun</value>
			<valueType>4</valueType>
		</Variable>
		<Variable>
			<name>date</name>
			<keyType>4</keyType>
			<value>32</value>
			<valueType>4</valueType>
		</Variable>
	</VariablePackage>
</MudletPackage>
