<?xml version="1.0" encoding="UTF-8"?>
<!DOCTYPE MudletPackage>
<MudletPackage version="1.001">
	<TriggerPackage />
	<TimerPackage />
	<AliasPackage />
	<ActionPackage />
	<ScriptPackage>
		<Script isActive="yes" isFolder="no">
			<name>CF_Loader</name>
			<packageName></packageName>
			<script>function downloadPkg()
  -- Is CFGUI already installed?
  if exists("CFGUI", "script") then return end
  --echo("&lt;maroon&gt;* &lt;gold&gt;Downloading package...\r\n")
  downloadFile(getMudletHomeDir() .. "/CFGUI.zip", "https://github.com/Rahsael/CFGUI/releases/latest/download/CFGUI.zip")
end

function installReady(event, file)
  if file ~= getMudletHomeDir().."/CFGUI.zip" then return end
  if event == "sysDownloadDone" then
    cecho([[
  
&lt;maroon&gt;*&lt;gold&gt; The latest version of your Carrion Fields client was successfully downloaded.
 
]])
  end
  cecho("\r\n&lt;maroon&gt;*&lt;gold&gt; Installing... &lt;gray&gt;(this will take a few seconds, and may require you to restart Mudlet.)\r\n&lt;gold&gt;When you re-enter the game, you may need to use the &lt;white&gt;setprompt&lt;gold&gt; command, as prompts have changed.\r\n")
  installPackage(getMudletHomeDir().."/CFGUI.zip")
--  uninstallPackage("CF_Loader")
end

registerAnonymousEventHandler("sysUninstallPackage", "downloadPkg")
registerAnonymousEventHandler("sysConnectionEvent", "downloadPkg")
registerAnonymousEventHandler("sysDownloadDone", "installReady")</script>
			<eventHandlerList />
		</Script>
	</ScriptPackage>
	<KeyPackage />
	<VariablePackage>
		<HiddenVariables />
		<Variable>
			<name>month</name>
			<keyType>4</keyType>
			<value>Ascending Sun</value>
			<valueType>4</valueType>
		</Variable>
		<Variable>
			<name>date</name>
			<keyType>4</keyType>
			<value>32</value>
			<valueType>4</valueType>
		</Variable>
	</VariablePackage>
</MudletPackage>
