<?xml version="1.0" encoding="UTF-8"?>
<!DOCTYPE MudletPackage>
<MudletPackage version="1.001">
	<TriggerPackage />
	<TimerPackage />
	<AliasPackage />
	<ActionPackage />
	<ScriptPackage>
		<ScriptGroup isActive="yes" isFolder="yes">
			<name>CF_Loader</name>
			<packageName>CF_Loader</packageName>
			<script></script>
			<eventHandlerList />
			<Script isActive="yes" isFolder="no">
				<name>CF_Loader</name>
				<packageName></packageName>
				<script>function downloadPkg()
  if exists("CFGUI", "script") then echo("***************************INSTALLED**************************") return end
  if io.exists(getMudletHomeDir().."/CFGUI.zip") then 
    installReady("Downloaded", getMudletHomeDir().."/CFGUI.zip")
  else
    echo("&lt;maroon&gt;* &lt;gold&gt;Downloading package...\r\n")
    downloadFile(getMudletHomeDir() .. "/CFGUI.zip", "https://github.com/Rahsael/CFGUI/releases/latest/download/CFGUI.zip")
  end
end

function installReady(event, file)
  if file ~= getMudletHomeDir().."/CFGUI.zip" then return end
  if event == "sysDownloadDone" then
    cecho([[
  
&lt;maroon&gt;*&lt;gold&gt; Your Carrion Fields client was successfully downloaded.
 
]])
  end
  cecho("\r\n&lt;maroon&gt;*&lt;gold&gt; Installing... &lt;gray&gt;(this will take a few seconds.)\r\n")
  installPackage(getMudletHomeDir().."/CFGUI.zip")
end

registerAnonymousEventHandler("sysConnectionEvent", "downloadPkg")
registerAnonymousEventHandler("sysDownloadDone", "installReady")</script>
				<eventHandlerList />
			</Script>
		</ScriptGroup>
	</ScriptPackage>
	<KeyPackage />
	<VariablePackage>
		<HiddenVariables />
		<Variable>
			<name>month</name>
			<keyType>4</keyType>
			<value>Ascending Sun</value>
			<valueType>4</valueType>
		</Variable>
		<Variable>
			<name>date</name>
			<keyType>4</keyType>
			<value>32</value>
			<valueType>4</valueType>
		</Variable>
	</VariablePackage>
</MudletPackage>
